admission_type,admissions,avg_los,avg_resource,avg_icu_los,readmission_rate,mortality_rate
OBSERVATION,6236,10.06783194355356,20.428800513149454,4.009267158434894,0.14496472097498397,0.10198845413726748
URGENT,6210,10.059581320450885,20.33123993558776,3.9864235104669885,0.1536231884057971,0.0998389694041868
ELECTIVE,6332,9.993051168667089,20.27511054958939,3.9854579911560326,0.144188250157928,0.09712571067593177
EMERGENCY,6281,9.891896194873429,20.42700206973412,3.9858143607705783,0.15172743193758956,0.09966565833466008
