Metric,Value
Average LOS,10.002793407558162
Median LOS,10.0
Average ICU LOS,3.9917115607167086
Readmission Rate,0.14860928209425756
Mortality Rate,0.09964483818189074
Average Resource Score,20.365337802785426
