Feature,Coefficient
los_days,0.1153737180596371
icu_los,0.020340231405301373
num_medications,0.011122968083909708
num_labs,0.007709024219984988
sofa,0.005576344510445898
num_diagnoses,0.005234987292133866
charlson_index,0.004187989833684381
anchor_age,0.00027679645242199385
resource_score,-0.004577423420414098
num_procedures,-0.023409415724277207
