Feature,Coefficient
los_days,0.6627097274873148
icu_los,0.05549743166463309
sofa,0.018606010421063923
num_labs,0.013932277469303483
num_medications,0.006373709555040352
anchor_age,0.005951989250895085
resource_score,0.0013387820765405204
num_diagnoses,-0.006060005327507274
charlson_index,-0.006060005327507791
