Metric,Logistic Regression,Random Forest
Precision,0.09155555555555556,0.0
Recall,0.9809523809523809,0.0
F1 Score,0.16747967479674797,0.0
ROC AUC,0.6600137921022068,0.6082101895636304
