Feature,Importance
icu_los,0.20848153798283137
anchor_age,0.16382919747240754
sofa,0.11569971108777023
los_days,0.10617922265745872
resource_score,0.105988556722089
num_labs,0.0986554408032379
num_medications,0.07263400810702114
num_procedures,0.048097924750703853
charlson_index,0.040584672592724295
num_diagnoses,0.03984972782375602
