Feature,Importance
icu_los,0.22292471491790022
anchor_age,0.1723516210809577
sofa,0.12085631982340392
resource_score,0.11265369420729777
los_days,0.11164987450955874
num_labs,0.10374330662755053
num_medications,0.07586112615348009
num_diagnoses,0.040033213315075
charlson_index,0.03992612936477608
