admission_type,avg_los,avg_resource,readmission_rate,avg_icu_los
OBSERVATION,10.06783194355356,20.428800513149454,0.14496472097498397,4.009267158434911
URGENT,10.059581320450885,20.33123993558776,0.1536231884057971,3.986423510466995
ELECTIVE,9.993051168667089,20.27511054958939,0.144188250157928,3.985457991156041
EMERGENCY,9.891896194873429,20.42700206973412,0.15172743193758956,3.9858143607705903
