admission_type,admissions,avg_los,median_los
OBSERVATION,6236,10.06783194355356,10.0
URGENT,6210,10.059581320450885,10.0
ELECTIVE,6332,9.993051168667089,10.0
EMERGENCY,6281,9.891896194873429,10.0
