age_group,mortality_rate,sepsis_rate,ventilation_rate
61-80,0.08654137617459837,0.12230979084571082,0.0807820551682328
41-60,0.08511296812132467,0.12411018260600433,0.08511296812132467
80+,0.08276950834460983,0.11569688768606225,0.08254397834912043
18-40,0.0806345009914078,0.11844018506278917,0.07666886979510905
