admission_type,avg_resource
OBSERVATION,20.428800513149454
EMERGENCY,20.42700206973412
URGENT,20.33123993558776
ELECTIVE,20.27511054958939
